City_ID,City,Country,Date,Lat,Lng,Max Temp,Humidity,Cloudiness,Wind Speed
0,Shushenskoye,RU,2022-07-19 03:00:01,53.325,91.9356,68.09,47,89,13.73
1,Margate,GB,2022-07-19 03:00:01,51.3813,1.3862,73.69,71,0,9.66
2,Busselton,AU,2022-07-19 03:00:04,-33.65,115.3333,58.32,70,0,9.48
3,Beidao,CN,2022-07-19 03:00:05,34.5686,105.8933,71.53,66,100,3.13
4,Khani,GE,2022-07-19 03:00:07,41.9563,42.9566,62.17,97,100,0.85
5,Gazojak,TM,2022-07-19 03:00:08,41.1875,61.4036,91.04,22,0,18.05
6,Mataura,NZ,2022-07-19 03:00:09,-46.1927,168.8643,45.48,89,100,4.16
7,Egvekinot,RU,2022-07-19 03:00:10,66.3167,-179.1667,52.11,47,100,2.59
8,Waipawa,NZ,2022-07-19 03:00:11,-41.4122,175.5153,58.23,65,90,10.42
9,Rikitea,PF,2022-07-19 03:00:12,-23.1203,-134.9692,74.41,77,3,11.92
10,Hermanus,ZA,2022-07-19 03:00:13,-34.4187,19.2345,52.81,80,99,6.11
11,Beringovskiy,RU,2022-07-19 02:55:31,63.05,179.3167,56.1,50,39,20.09
12,Kargopol,RU,2022-07-19 03:00:14,61.5071,38.9456,56.82,72,100,5.91
13,Puerto Ayora,EC,2022-07-19 03:00:15,-0.7393,-90.3518,68.56,94,65,3.0
14,Hilo,US,2022-07-19 03:00:16,19.7297,-155.09,82.27,95,75,5.75
15,Cayenne,GF,2022-07-19 03:00:06,4.9333,-52.3333,76.08,1,99,1.14
16,Provideniya,RU,2022-07-19 02:55:26,64.3833,-173.3,46.51,76,75,20.13
17,Patitirion,GR,2022-07-19 03:00:17,39.15,23.8667,74.75,61,0,23.87
18,Ucluelet,CA,2022-07-19 03:00:18,48.9329,-125.5528,61.09,84,2,3.0
19,Hovd,MN,2022-07-19 03:00:18,48.0056,91.6419,62.2,42,63,9.93
20,Ushuaia,AR,2022-07-19 02:56:43,-54.8,-68.3,33.46,93,75,9.22
21,Terra Santa,BR,2022-07-19 03:00:19,-2.1042,-56.4869,76.95,74,100,3.83
22,Faya,SA,2022-07-19 03:00:20,18.3851,42.4509,68.05,35,78,3.44
23,Berlevag,NO,2022-07-19 03:00:21,70.8578,29.0864,58.8,81,80,5.91
24,Leningradskiy,RU,2022-07-19 03:00:21,69.3833,178.4167,34.48,99,100,15.48
25,Comal,US,2022-07-19 03:00:22,29.8169,-98.3003,90.01,46,18,10.0
26,Nikolskoye,RU,2022-07-19 03:00:22,59.7035,30.7861,56.88,82,84,3.78
27,Arlit,NE,2022-07-19 03:00:23,18.7369,7.3853,88.41,36,92,8.63
28,Motala,SE,2022-07-19 03:00:24,58.5371,15.0365,54.93,85,86,7.29
29,Quatre Cocos,MU,2022-07-19 03:00:24,-20.2078,57.7625,69.1,75,78,22.68
30,Laizhou,CN,2022-07-19 03:00:25,37.1717,119.9214,87.78,44,95,4.41
31,Lac Du Bonnet,CA,2022-07-19 02:56:20,50.2536,-96.0612,70.84,73,55,4.12
32,Punta Arenas,CL,2022-07-19 03:00:26,-53.15,-70.9167,41.11,75,98,30.62
33,Ixtapa,MX,2022-07-19 03:00:26,20.7,-105.2,76.71,90,99,3.67
34,Vaini,TO,2022-07-19 03:00:27,-21.2,-175.2,74.57,79,100,21.14
35,Komsomolskiy,UZ,2022-07-19 03:00:28,40.4272,71.7189,86.72,23,0,4.61
36,Hobart,AU,2022-07-19 02:57:43,-42.8794,147.3294,49.26,71,75,6.91
37,Narsaq,GL,2022-07-19 03:00:28,60.9167,-46.05,46.62,74,19,1.25
38,Flinders,AU,2022-07-19 02:58:41,-34.5833,150.8552,53.38,83,82,12.86
39,Poso,ID,2022-07-19 03:00:29,-1.3959,120.7524,85.89,56,90,0.69
40,Lebu,CL,2022-07-19 03:00:30,-37.6167,-73.65,43.66,80,76,2.62
41,Mana,GF,2022-07-19 03:00:30,5.6592,-53.7767,77.77,89,100,7.96
42,Westport,US,2022-07-19 03:01:32,41.1415,-73.3579,78.1,95,100,5.99
43,Cockburn Town,TC,2022-07-19 03:00:01,21.4612,-71.1419,81.64,79,0,19.93
44,Sanandaj,IR,2022-07-19 03:01:32,35.3144,46.9923,77.45,15,0,6.08
45,Cangucu,BR,2022-07-19 02:59:09,-31.395,-52.6756,42.1,93,1,1.34
46,Ambilobe,MG,2022-07-19 03:01:34,-13.2,49.05,68.9,50,1,11.32
47,Port Alfred,ZA,2022-07-19 03:01:35,-33.5906,26.891,62.46,59,23,4.83
48,Atuona,PF,2022-07-19 03:01:36,-9.8,-139.0333,77.05,74,68,18.81
49,Tukrah,LY,2022-07-19 03:01:36,32.5341,20.5791,77.77,64,0,20.65
50,Chornukhy,UA,2022-07-19 03:01:36,50.2673,32.942,54.25,83,14,4.79
51,Chokurdakh,RU,2022-07-19 03:01:37,70.6333,147.9167,48.51,40,26,14.23
52,Cape Town,ZA,2022-07-19 02:57:02,-33.9258,18.4232,55.9,79,20,11.5
53,Georgetown,MY,2022-07-19 03:00:04,5.4112,100.3354,83.89,82,20,2.3
54,Clyde River,CA,2022-07-19 03:01:38,70.4692,-68.5914,35.83,100,100,4.61
55,Butaritari,KI,2022-07-19 03:01:39,3.0707,172.7902,82.4,73,61,17.94
56,Honnali,IN,2022-07-19 03:01:39,14.25,75.6667,72.3,90,96,9.42
57,Faanui,PF,2022-07-19 03:01:40,-16.4833,-151.75,76.55,72,2,6.55
58,Laguna,US,2022-07-19 03:01:40,38.421,-121.4238,96.31,24,0,10.36
59,Albany,US,2022-07-19 03:00:11,42.6001,-73.9662,73.81,91,100,8.9
60,Alice Springs,AU,2022-07-19 03:00:12,-23.7,133.8833,69.35,24,0,8.05
61,Zavodoukovsk,RU,2022-07-19 03:01:42,56.5042,66.5515,66.99,68,0,1.88
62,Krasnoselkup,RU,2022-07-19 03:01:42,65.7,82.4667,60.69,62,66,15.46
63,Tuktoyaktuk,CA,2022-07-19 03:01:43,69.4541,-133.0374,49.3,90,100,6.91
64,Elko,US,2022-07-19 03:01:43,41.0002,-115.5012,78.22,42,84,13.0
65,San Patricio,US,2022-07-19 03:01:44,28.017,-97.5169,84.88,76,11,12.28
66,Lata,PT,2022-07-19 03:01:44,40.1629,-8.3327,59.94,95,51,0.67
67,Kattivakkam,IN,2022-07-19 03:01:45,13.2167,80.3167,85.06,77,100,8.63
68,Varca,IN,2022-07-19 03:01:46,15.2167,73.9167,80.2,81,99,7.74
69,Taoudenni,ML,2022-07-19 03:01:46,22.6783,-3.9836,92.93,10,3,4.45
70,Avarua,CK,2022-07-19 03:01:46,-21.2078,-159.775,77.05,65,40,8.05
71,Port Hardy,CA,2022-07-19 03:01:32,50.6996,-127.4199,56.68,90,100,3.89
72,Sao Filipe,CV,2022-07-19 03:01:48,14.8961,-24.4956,75.22,82,95,8.28
73,Nome,US,2022-07-19 02:57:18,64.5011,-165.4064,39.27,93,100,21.85
74,Tura,IN,2022-07-19 03:01:48,25.5198,90.2201,79.79,85,100,7.23
75,Bredasdorp,ZA,2022-07-19 03:01:49,-34.5322,20.0403,53.73,86,98,2.75
76,Yar-Sale,RU,2022-07-19 03:01:50,66.8333,70.8333,61.61,53,100,9.22
77,Geraldton,AU,2022-07-19 03:01:50,-28.7667,114.6,63.01,77,0,9.22
78,Knokke-Heist,BE,2022-07-19 03:01:51,51.3333,3.3333,73.42,53,26,8.84
79,Brae,GB,2022-07-19 03:01:51,60.3964,-1.353,56.14,94,100,10.71
80,Bethel,US,2022-07-19 03:00:50,41.3712,-73.414,74.53,93,100,7.72
81,Tonantins,BR,2022-07-19 03:01:52,-2.8731,-67.8022,73.54,98,59,1.81
82,Guerrero Negro,MX,2022-07-19 03:01:53,27.9769,-114.0611,71.08,72,31,16.46
83,Vysokogornyy,RU,2022-07-19 03:01:54,50.1167,139.15,56.32,98,100,2.48
84,Dustlik,UZ,2022-07-19 03:02:54,40.5247,68.0358,86.02,29,0,7.7
85,Beibei,CN,2022-07-19 03:02:55,29.8256,106.4339,80.37,92,100,3.51
86,Mbini,GQ,2022-07-19 03:02:56,1.574,9.6134,74.89,84,99,10.0
87,Urucara,BR,2022-07-19 03:02:57,-2.5364,-57.76,77.94,72,93,2.26
88,Kutum,SD,2022-07-19 03:02:57,14.2,24.6667,75.07,61,72,4.03
89,Havre-Saint-Pierre,CA,2022-07-19 03:02:58,50.2334,-63.5986,57.78,92,60,7.34
90,Mosalsk,RU,2022-07-19 03:02:58,54.4881,34.9817,49.75,93,29,5.91
91,Fare,PF,2022-07-19 03:02:59,-16.7,-151.0167,76.17,70,1,3.22
92,Esperance,AU,2022-07-19 03:02:59,-33.8667,121.9,59.02,74,5,6.73
93,Hithadhoo,MV,2022-07-19 03:02:59,-0.6,73.0833,82.51,75,99,9.31
94,Nantucket,US,2022-07-19 03:00:33,41.2835,-70.0995,75.31,94,100,16.11
95,Barrow,US,2022-07-19 03:03:00,71.2906,-156.7887,42.82,75,100,17.27
96,Jamestown,US,2022-07-19 02:59:57,42.097,-79.2353,70.52,84,1,1.99
97,Victoria,HK,2022-07-19 02:58:12,22.2855,114.1577,89.65,79,100,11.01
98,Zonguldak,TR,2022-07-19 03:03:02,41.25,31.8333,58.87,75,93,3.47
99,Saint-Joseph,RE,2022-07-19 02:58:57,-21.3667,55.6167,66.58,73,31,18.07
100,Kavieng,PG,2022-07-19 02:59:11,-2.5744,150.7967,83.23,73,100,11.05
101,Dikson,RU,2022-07-19 03:03:03,73.5069,80.5464,45.59,79,39,15.5
102,Cartagena,CO,2022-07-19 03:00:13,10.3997,-75.5144,80.19,88,100,14.99
103,Jumla,NP,2022-07-19 02:58:53,29.2747,82.1838,69.85,78,80,3.13
104,Thompson,CA,2022-07-19 03:03:04,55.7435,-97.8558,66.97,53,6,5.75
105,Kirakira,SB,2022-07-19 03:03:04,-10.4544,161.9205,83.66,70,24,6.73
106,Winnemucca,US,2022-07-19 03:03:05,40.973,-117.7357,84.25,26,40,5.75
107,Simao,CN,2022-07-19 03:03:05,22.7886,100.9748,70.74,90,99,2.3
108,Severo-Kurilsk,RU,2022-07-19 03:03:06,50.6789,156.125,57.06,87,72,7.78
109,Houma,US,2022-07-19 03:03:06,29.5958,-90.7195,82.0,92,0,0.0
110,Abbeville,FR,2022-07-19 03:01:51,50.1,1.8333,69.76,31,0,8.79
111,Ponta Delgada,PT,2022-07-19 03:03:07,37.7333,-25.6667,75.51,83,75,6.91
112,Buraydah,SA,2022-07-19 03:03:08,26.326,43.975,86.32,13,7,8.14
113,Yulara,AU,2022-07-19 02:58:08,-25.2406,130.9889,69.58,18,0,7.7
114,Saskylakh,RU,2022-07-19 03:03:08,71.9167,114.0833,42.69,73,100,16.17
115,Izhma,RU,2022-07-19 03:03:09,65.0083,53.9113,69.85,64,70,5.64
116,Praia,CV,2022-07-19 03:00:30,14.9215,-23.5087,74.84,86,92,8.59
117,Anadyr,RU,2022-07-19 03:03:10,64.75,177.4833,59.5,44,0,17.9
118,Aleppo,SY,2022-07-19 03:03:11,36.25,37.5,75.94,56,0,10.6
119,Kaitangata,NZ,2022-07-19 03:03:12,-46.2817,169.8464,45.16,86,100,8.03
120,Carnarvon,AU,2022-07-19 03:03:12,-24.8667,113.6333,69.57,43,0,11.16
121,Hambantota,LK,2022-07-19 03:00:21,6.1241,81.1185,82.74,83,20,6.91
122,Chhuikhadan,IN,2022-07-19 03:03:13,21.5333,80.9833,74.12,90,100,9.66
123,Yarada,IN,2022-07-19 03:03:13,17.65,83.2667,86.32,74,40,11.5
124,Sarangani,PH,2022-07-19 03:03:14,5.4033,125.4636,82.62,69,99,1.48
125,Walvis Bay,NA,2022-07-19 03:03:14,-22.9575,14.5053,54.09,92,3,7.63
126,Vestmannaeyjar,IS,2022-07-19 03:00:22,63.4427,-20.2734,50.45,91,100,7.47
127,Bannu,PK,2022-07-19 03:04:17,32.9854,70.6027,94.42,43,0,1.9
128,Kruisfontein,ZA,2022-07-19 03:04:18,-34.0033,24.7314,52.88,92,50,4.43
129,Arraial Do Cabo,BR,2022-07-19 03:04:18,-22.9661,-42.0278,69.42,91,100,15.43
130,Lasa,IT,2022-07-19 03:04:19,46.6166,10.7002,64.36,85,18,0.87
131,Sao Joao Da Barra,BR,2022-07-19 03:04:20,-21.6403,-41.0511,70.45,88,31,8.95
132,Saint George,US,2022-07-19 03:02:48,37.1041,-113.5841,99.95,21,0,6.91
133,Poya,NC,2022-07-19 03:04:20,-21.35,165.15,76.33,79,98,10.16
134,Bilma,NE,2022-07-19 03:04:21,18.6853,12.9164,86.0,42,21,6.98
135,Castro,BR,2022-07-19 03:04:21,-24.7911,-50.0119,56.57,99,100,1.77
136,Lincoln,US,2022-07-19 02:59:59,40.8,-96.667,78.62,81,0,1.99
137,Singaparna,ID,2022-07-19 03:04:22,-7.3515,108.111,78.53,79,81,3.69
138,Pangody,RU,2022-07-19 03:04:23,65.85,74.4859,66.2,48,27,9.73
139,Camacha,PT,2022-07-19 03:04:24,33.0833,-16.3333,65.62,77,40,9.22
140,Karakol,KG,2022-07-19 03:01:09,42.4907,78.3936,70.99,43,0,4.23
141,Chapais,CA,2022-07-19 03:04:25,49.7834,-74.8492,68.22,69,100,7.36
142,Ontario,US,2022-07-19 03:00:29,34.0633,-117.6509,92.39,45,20,14.97
143,Batesville,US,2022-07-19 03:04:25,35.7698,-91.641,81.01,78,75,5.75
144,Mogadishu,SO,2022-07-19 03:04:26,2.0371,45.3438,74.93,82,67,19.33
145,Henties Bay,NA,2022-07-19 03:04:26,-22.116,14.2845,55.85,95,2,6.06
146,Kerman,IR,2022-07-19 03:04:27,30.2832,57.0788,81.14,10,80,1.74
147,Kurilsk,RU,2022-07-19 03:04:28,45.2333,147.8833,61.39,81,47,7.94
148,Sindou,BF,2022-07-19 03:04:28,10.6667,-5.1667,71.6,96,100,4.36
149,Okhotsk,RU,2022-07-19 03:03:10,59.3833,143.3,62.78,79,85,8.41
150,Formosa Do Rio Preto,BR,2022-07-19 03:04:29,-11.0483,-45.1931,67.12,55,16,4.29
151,Tasiilaq,GL,2022-07-19 03:04:30,65.6145,-37.6368,35.76,87,10,1.54
152,Espanola,US,2022-07-19 03:04:30,35.9911,-106.0806,88.65,28,45,7.0
153,Maneadero,MX,2022-07-19 03:04:31,31.7167,-116.5667,70.11,79,15,1.99
154,Upernavik,GL,2022-07-19 03:04:32,72.7868,-56.1549,43.57,78,100,6.26
155,Lucapa,AO,2022-07-19 03:04:32,-8.4192,20.7447,62.29,43,42,4.92
156,Rondonopolis,BR,2022-07-19 03:04:32,-16.4708,-54.6356,69.01,30,20,2.19
157,Nobeoka,JP,2022-07-19 03:04:33,32.5833,131.6667,85.86,72,100,10.2
158,Marsa Matruh,EG,2022-07-19 03:04:34,31.3525,27.2453,76.48,74,0,13.78
159,Pevek,RU,2022-07-19 03:04:34,69.7008,170.3133,33.91,92,97,5.75
160,Lagoa,PT,2022-07-19 03:04:35,39.05,-27.9833,68.85,88,100,11.03
161,Ketchikan,US,2022-07-19 03:04:35,55.3422,-131.6461,55.87,88,100,6.91
162,Piacabucu,BR,2022-07-19 03:04:36,-10.4056,-36.4344,73.54,81,14,11.45
163,Cidreira,BR,2022-07-19 03:04:36,-30.1811,-50.2056,54.27,92,5,5.01
164,Norman Wells,CA,2022-07-19 03:04:37,65.282,-126.8329,58.35,98,100,7.65
165,Mahibadhoo,MV,2022-07-19 03:04:38,3.7833,72.9667,82.94,76,100,19.86
166,Bluff,NZ,2022-07-19 03:04:38,-46.6,168.3333,45.81,69,96,15.68
167,Te Anau,NZ,2022-07-19 03:01:10,-45.4167,167.7167,41.49,98,100,4.74
168,Aquin,HT,2022-07-19 03:04:39,18.2833,-73.4,79.07,80,1,2.48
169,Puerto Escondido,MX,2022-07-19 03:05:40,15.85,-97.0667,83.23,61,0,3.44
170,Luwingu,ZM,2022-07-19 03:05:41,-10.2621,29.9271,49.96,88,2,4.68
171,Namibe,AO,2022-07-19 03:05:41,-15.1961,12.1522,64.27,84,0,3.98
172,Brenham,US,2022-07-19 03:05:42,30.1669,-96.3977,91.31,61,0,16.11
173,Termiz,UZ,2022-07-19 03:05:42,37.2242,67.2783,82.49,30,0,6.91
174,Changchun,CN,2022-07-19 03:05:43,43.88,125.3228,76.15,74,66,4.07
175,Selcuk,TR,2022-07-19 03:05:43,37.9514,27.3685,75.07,60,0,7.25
176,Iqaluit,CA,2022-07-19 03:03:15,63.7506,-68.5145,46.51,68,90,8.99
177,Nowa Deba,PL,2022-07-19 03:05:44,50.4297,21.7508,62.26,69,58,5.46
178,Amapa,BR,2022-07-19 03:05:44,1.0,-52.0,71.15,99,100,1.28
179,Nola,IT,2022-07-19 03:05:45,40.922,14.5329,81.63,55,0,4.76
180,Inhambane,MZ,2022-07-19 03:05:45,-23.865,35.3833,67.98,89,12,3.76
181,Lompoc,US,2022-07-19 03:05:46,34.6391,-120.4579,80.74,76,0,5.75
182,Fortuna,US,2022-07-19 03:05:46,40.5982,-124.1573,62.91,77,5,1.99
183,Caravelas,BR,2022-07-19 03:05:47,-17.7125,-39.2481,70.14,88,30,5.46
184,Batagay-Alyta,RU,2022-07-19 03:05:47,67.8006,130.4114,42.26,93,100,6.22
185,Kamaishi,JP,2022-07-19 03:05:48,39.2667,141.8833,77.65,76,100,2.44
186,Bubaque,GW,2022-07-19 03:05:48,11.2833,-15.8333,79.03,85,100,12.06
187,Cabo San Lucas,MX,2022-07-19 03:04:11,22.8909,-109.9124,87.1,70,0,3.0
188,Mikuni,JP,2022-07-19 03:05:50,36.2171,136.1519,77.4,88,100,18.59
189,Baraki Barak,AF,2022-07-19 03:05:50,33.9675,68.9486,78.89,42,0,3.53
190,Longyearbyen,SJ,2022-07-19 03:05:51,78.2186,15.6401,53.44,66,75,16.11
191,Yerbogachen,RU,2022-07-19 03:03:10,61.2767,108.0108,74.05,46,72,9.24
192,Barao De Melgaco,BR,2022-07-19 03:05:52,-16.1944,-55.9675,69.46,55,19,3.11
193,Moth,IN,2022-07-19 03:05:52,25.7167,78.95,94.5,49,44,5.91
194,Nemuro,JP,2022-07-19 03:05:53,43.3236,145.575,61.68,97,100,6.35
195,Kodiak,US,2022-07-19 03:05:53,57.79,-152.4072,56.71,77,0,6.91
196,Progreso,MX,2022-07-19 03:05:54,21.2833,-89.6667,81.1,81,2,13.18
197,Daru,PG,2022-07-19 03:05:55,-9.0763,143.2092,78.35,89,70,15.99
198,Tezu,IN,2022-07-19 03:05:55,27.9167,96.1667,75.7,99,100,1.95
199,Meulaboh,ID,2022-07-19 03:05:56,4.1363,96.1285,81.97,69,85,2.24
200,Qaanaaq,GL,2022-07-19 03:05:56,77.484,-69.3632,42.42,69,16,2.21
201,Pochutla,MX,2022-07-19 03:05:56,15.7432,-96.4661,82.22,84,1,3.51
202,Muromtsevo,RU,2022-07-19 03:05:57,56.3724,75.2418,61.05,77,87,6.26
203,Havelock,US,2022-07-19 03:04:00,34.8791,-76.9013,82.35,88,20,13.8
204,Vardo,NO,2022-07-19 03:05:58,70.3705,31.1107,57.18,82,91,8.05
205,Celestun,MX,2022-07-19 03:05:58,20.8667,-90.4,82.26,78,8,13.4
206,Camopi,GF,2022-07-19 03:05:59,3.1655,-52.3158,71.71,99,65,2.26
207,Kysyl-Syr,RU,2022-07-19 03:06:00,63.8986,122.7617,68.5,93,100,5.44
208,Ribeira Grande,PT,2022-07-19 03:06:00,38.5167,-28.7,71.94,91,20,0.63
209,Zhoucheng,CN,2022-07-19 03:06:01,35.9122,116.3117,83.12,69,100,3.74
210,Russell,US,2022-07-19 03:06:02,32.3502,-85.1999,76.23,94,0,5.75
211,Esso,RU,2022-07-19 03:06:02,55.9333,158.7,82.35,34,97,2.15
212,Hami,CN,2022-07-19 03:06:03,42.8,93.45,88.05,20,100,2.73
213,Nizwa,OM,2022-07-19 03:06:03,22.9333,57.5333,85.06,61,31,2.26
214,Staryy Nadym,RU,2022-07-19 03:06:04,65.6118,72.6842,65.93,44,35,14.65
215,Paracuru,BR,2022-07-19 03:07:06,-3.41,-39.0306,76.1,82,12,11.05
216,Sohbatpur,PK,2022-07-19 03:07:06,28.5202,68.5434,94.48,51,9,2.98
217,Barreirinha,BR,2022-07-19 03:07:07,-2.7933,-57.07,76.98,73,99,3.33
218,Savannah Bight,HN,2022-07-19 03:07:07,16.45,-85.85,82.67,80,100,21.88
219,Kaltasy,RU,2022-07-19 03:07:08,55.9693,54.8032,65.68,81,100,7.36
220,Labytnangi,RU,2022-07-19 03:07:08,66.6572,66.4183,67.75,54,94,5.7
221,Roma,US,2022-07-19 03:07:09,43.2128,-75.4557,71.08,95,100,13.8
222,New Norfolk,AU,2022-07-19 03:07:09,-42.7826,147.0587,48.92,59,26,1.07
223,Airai,TL,2022-07-19 03:07:10,-8.9266,125.4092,69.76,39,61,3.06
224,Arrifes,PT,2022-07-19 03:07:10,37.7667,-25.7,73.24,83,75,6.91
225,Pangnirtung,CA,2022-07-19 03:07:11,66.1451,-65.7125,46.38,80,100,2.39
226,Omsukchan,RU,2022-07-19 03:07:12,62.5333,155.8,78.94,51,83,10.94
227,Sussex,US,2022-07-19 03:02:27,41.1834,-74.6663,71.73,82,40,4.61
228,Salalah,OM,2022-07-19 03:02:58,17.0151,54.0924,75.29,100,100,3.44
229,San Cristobal,VE,2022-07-19 03:07:13,7.7669,-72.225,68.18,84,99,2.33
230,Svetlogorsk,BY,2022-07-19 03:07:13,52.6333,29.7333,56.01,94,100,6.17
231,East London,ZA,2022-07-19 03:07:13,-33.0153,27.9116,67.86,37,3,11.07
232,Lakes Entrance,AU,2022-07-19 03:07:14,-37.8811,147.981,52.16,66,93,2.95
233,Kailua,US,2022-07-19 03:07:14,21.4022,-157.7394,80.58,76,61,8.01
234,Wilmington,US,2022-07-19 03:06:52,34.2257,-77.9447,82.0,83,0,9.22
235,Barkot,IN,2022-07-19 03:07:16,30.8167,78.2,76.41,85,98,0.92
236,Doha,QA,2022-07-19 03:06:25,25.2867,51.5333,94.98,52,64,6.91
237,Tabory,RU,2022-07-19 03:07:17,58.5198,64.5495,66.56,80,100,1.83
238,Necochea,AR,2022-07-19 03:07:17,-38.5473,-58.7368,40.6,79,100,6.87
239,Yokadouma,CM,2022-07-19 03:07:18,3.5167,15.05,68.0,100,100,1.9
240,Souillac,MU,2022-07-19 03:07:18,-20.5167,57.5167,68.38,77,75,11.5
241,Mareeba,AU,2022-07-19 03:07:18,-17.0,145.4333,75.49,63,0,3.96
242,Liverpool,GB,2022-07-19 03:07:19,53.4106,-2.9779,76.28,59,20,9.22
243,Dryden,CA,2022-07-19 03:07:19,49.7833,-92.7503,70.38,66,33,3.56
244,Aklavik,CA,2022-07-19 03:07:20,68.2191,-135.0107,57.72,94,100,1.34
245,Arkhangelsk,RU,2022-07-19 03:03:53,64.5401,40.5433,59.11,87,40,6.71
246,Tateyama,JP,2022-07-19 03:07:21,34.9833,139.8667,82.33,94,75,17.27
247,Ahipara,NZ,2022-07-19 03:07:21,-35.1667,173.1667,63.05,81,89,8.55
248,Fairbanks,US,2022-07-19 03:05:00,64.8378,-147.7164,64.02,65,75,6.91
249,Ponta Do Sol,PT,2022-07-19 03:07:22,32.6667,-17.1,70.43,80,0,6.6
250,Jalpan,MX,2022-07-19 03:07:23,21.2333,-99.4833,74.89,75,99,0.67
251,Fort Saint James,CA,2022-07-19 03:07:23,54.4333,-124.25,65.19,58,100,11.95
252,Klaksvik,FO,2022-07-19 03:07:24,62.2266,-6.589,52.72,92,93,16.2
253,Katsuura,JP,2022-07-19 03:07:24,35.1333,140.3,82.42,86,100,20.54
254,Ilulissat,GL,2022-07-19 03:07:25,69.2167,-51.1,46.42,71,100,0.0
255,Caraballeda,VE,2022-07-19 03:07:25,10.6112,-66.8522,77.07,88,40,1.14
256,Podor,MR,2022-07-19 03:07:26,16.6527,-14.9587,86.23,57,19,12.01
257,Khovu-Aksy,RU,2022-07-19 03:08:26,51.1333,93.6,59.52,49,97,4.09
258,Banda Aceh,ID,2022-07-19 03:08:27,5.5577,95.3222,84.29,66,94,11.03
259,Moron,AR,2022-07-19 03:08:27,-34.6534,-58.6198,51.55,60,78,3.89
260,Makakilo City,US,2022-07-19 03:08:28,21.3469,-158.0858,79.12,68,100,20.71
261,Dwarka,IN,2022-07-19 03:08:28,22.2394,68.9678,82.04,83,80,13.02
262,Riachao,BR,2022-07-19 03:08:29,-7.3619,-46.6172,71.98,49,5,4.43
263,Porto Novo,BJ,2022-07-19 03:08:29,6.4965,2.6036,73.71,83,93,5.7
264,Merauke,ID,2022-07-19 03:08:30,-8.4667,140.3333,79.41,81,70,15.41
265,Sinnamary,GF,2022-07-19 03:08:30,5.3833,-52.95,78.62,86,100,8.19
266,Gigmoto,PH,2022-07-19 03:08:31,13.7796,124.39,86.14,68,74,7.52
267,Saint-Pierre,RE,2022-07-19 03:08:31,-21.3393,55.4781,68.92,67,0,12.66
268,Hanzhong,CN,2022-07-19 03:08:32,33.0728,107.0303,66.24,96,100,1.12
269,Biltine,TD,2022-07-19 03:08:32,14.5333,20.9167,81.05,64,30,7.7
270,Portland,US,2022-07-19 03:05:12,45.5234,-122.6762,77.58,54,0,11.5
271,Torbay,CA,2022-07-19 03:08:33,47.6666,-52.7314,64.76,87,100,19.57
272,Cilegon,ID,2022-07-19 03:08:34,-6.0174,106.0538,84.34,66,10,3.33
273,Humaita,BR,2022-07-19 03:08:34,-7.5061,-63.0208,76.23,57,3,1.79
274,Cherskiy,RU,2022-07-19 03:08:35,68.75,161.3,53.33,51,68,23.13
275,Kinkala,CG,2022-07-19 03:08:35,-4.3614,14.7644,65.05,93,24,3.91
276,Atar,MR,2022-07-19 03:08:36,20.5169,-13.0499,90.5,38,7,6.96
277,Bajil,YE,2022-07-19 03:08:36,15.0584,43.2851,86.23,37,93,4.16
278,Bolotnoye,RU,2022-07-19 03:08:37,55.6717,84.3981,58.53,86,100,9.71
279,Sabang,ID,2022-07-19 03:08:37,5.8933,95.3214,83.01,71,96,15.7
280,Kahului,US,2022-07-19 03:08:38,20.8947,-156.47,84.22,58,40,26.46
281,Hobyo,SO,2022-07-19 03:08:38,5.3505,48.5268,74.64,83,100,23.91
282,Rassvet,RU,2022-07-19 03:08:39,46.8333,40.75,58.69,70,0,6.69
283,Lagoa Formosa,BR,2022-07-19 03:08:39,-18.7786,-46.4075,55.02,39,14,4.0
284,Algemesi,ES,2022-07-19 03:08:40,39.1833,-0.4333,77.61,78,0,3.33
285,Vozhega,RU,2022-07-19 03:08:40,60.4725,40.2213,53.51,98,100,6.8
286,Le Vauclin,MQ,2022-07-19 03:08:41,14.5452,-60.8388,79.84,83,75,9.22
287,Lavrentiya,RU,2022-07-19 03:08:41,65.5833,-171.0,37.54,90,99,21.14
288,Arona,ES,2022-07-19 03:08:42,28.0996,-16.681,73.9,52,0,12.66
289,Tambun,ID,2022-07-19 03:08:42,-6.2641,107.0712,90.48,65,9,2.8
290,Isangel,VU,2022-07-19 03:04:01,-19.55,169.2667,80.82,72,64,10.45
291,Roxana,CR,2022-07-19 03:08:43,10.2753,-83.7513,81.03,97,100,2.21
292,Agadir,MA,2022-07-19 03:08:43,30.4202,-9.5982,73.85,69,2,4.41
293,Jibuti,DJ,2022-07-19 03:08:44,11.5,42.5,85.05,36,98,9.19
294,Middelburg,ZA,2022-07-19 03:08:44,-25.7751,29.4648,46.13,71,0,2.42
295,Saint-Philippe,RE,2022-07-19 03:08:45,-21.3585,55.7679,67.59,74,65,18.1
296,Yaval,IN,2022-07-19 03:08:46,21.1667,75.7,73.35,95,100,12.84
297,Elk,PL,2022-07-19 03:08:46,53.8282,22.3647,57.02,94,99,5.7
298,Mogok,MM,2022-07-19 03:08:46,22.9167,96.5,71.62,88,100,3.09
299,Sangar,RU,2022-07-19 03:08:47,63.9242,127.4739,80.1,54,46,9.31
300,Mayor Pablo Lagerenza,PY,2022-07-19 03:08:48,-19.9309,-60.7718,70.86,56,50,5.59
301,Sioux Lookout,CA,2022-07-19 03:09:49,50.1001,-91.917,69.44,58,2,3.6
302,Shupiyan,IN,2022-07-19 03:09:50,33.7167,74.8333,68.59,80,94,1.52
303,Lar,IN,2022-07-19 03:09:50,26.2039,83.9717,94.8,48,100,9.22
304,Kanniyakumari,IN,2022-07-19 03:09:51,8.0833,77.5667,80.58,75,100,17.81
305,Albury,AU,2022-07-19 03:09:51,-36.0833,146.9167,55.15,100,5,5.99
306,Amberg,DE,2022-07-19 03:09:51,49.4414,11.8622,59.56,74,10,3.06
307,Khatanga,RU,2022-07-19 03:09:52,71.9667,102.5,49.82,69,100,17.18
308,Gwadar,PK,2022-07-19 03:09:52,25.1216,62.3254,83.84,87,56,15.73
309,Tiksi,RU,2022-07-19 03:09:53,71.6872,128.8694,34.02,86,100,21.9
310,Maniitsoq,GL,2022-07-19 03:09:54,65.4167,-52.9,44.2,90,100,1.77
311,West Bend,US,2022-07-19 03:04:57,43.4253,-88.1834,78.19,83,0,4.61
312,Santander,ES,2022-07-19 03:09:54,43.4647,-3.8044,69.46,79,0,5.75
313,Hofn,IS,2022-07-19 03:09:55,64.2539,-15.2082,50.29,85,100,10.71
314,Fukue,JP,2022-07-19 03:09:55,32.6881,128.8419,79.63,91,99,16.82
315,Davila,PH,2022-07-19 03:09:56,18.4726,120.5763,85.66,71,98,6.6
316,Chake Chake,TZ,2022-07-19 03:09:56,-5.2459,39.7666,71.91,84,49,8.93
317,Kwinana,AU,2022-07-19 03:09:56,-32.25,115.7667,60.82,73,0,5.99
318,Belmonte,BR,2022-07-19 03:09:57,-15.8631,-38.8828,72.18,83,67,7.63
319,Malakal,SS,2022-07-19 03:09:57,9.5334,31.6605,69.08,94,100,3.76
320,Tevriz,RU,2022-07-19 03:09:58,57.509,72.4042,62.38,69,75,5.17
321,Codrington,AU,2022-07-19 03:09:58,-38.2667,141.9667,51.94,57,10,9.19
322,Hay River,CA,2022-07-19 03:09:59,60.8156,-115.7999,68.43,56,100,5.1
323,Dingle,PH,2022-07-19 03:10:00,10.9995,122.6711,80.08,85,100,5.82
324,Kashi,CN,2022-07-19 03:10:00,39.4547,75.9797,91.08,9,0,8.84
325,Saint Anthony,US,2022-07-19 03:10:00,45.0205,-93.218,85.93,65,0,12.66
326,Pozoblanco,ES,2022-07-19 03:10:01,38.3791,-4.8483,66.99,42,0,2.53
327,Poum,NC,2022-07-19 03:10:01,-20.2333,164.0167,76.51,83,71,10.16
328,Pingdu,CN,2022-07-19 03:10:02,36.7844,119.9464,86.97,47,94,4.52
329,Kem,RU,2022-07-19 03:10:02,64.9555,34.5793,57.25,73,30,0.4
330,Ulaangom,MN,2022-07-19 03:06:33,49.9811,92.0667,65.86,41,71,5.66
331,Nampula,MZ,2022-07-19 03:10:03,-15.1165,39.2666,59.32,96,0,1.05
332,Pringsewu,ID,2022-07-19 03:10:03,-5.3582,104.9744,85.14,68,13,1.83
333,Puerto Del Rosario,ES,2022-07-19 03:10:04,28.5004,-13.8627,71.35,78,0,13.8
334,Ingham,US,2022-07-19 03:10:04,42.6,-84.3833,74.82,68,0,0.0
335,Fort Nelson,CA,2022-07-19 03:10:05,58.8053,-122.7002,61.99,71,100,3.87
336,Banyo,CM,2022-07-19 03:10:05,6.75,11.8167,62.28,96,100,2.75
337,Ciudad Bolivar,VE,2022-07-19 03:10:06,8.1222,-63.5497,77.47,81,77,10.0
338,Tazmalt,DZ,2022-07-19 03:10:06,36.3868,4.3989,81.01,36,0,3.36
339,Athabasca,CA,2022-07-19 03:10:07,54.7169,-113.2854,69.87,77,15,5.68
340,Pingyin,CN,2022-07-19 03:05:14,36.2831,116.4453,83.26,70,100,5.06
341,Kumluca,TR,2022-07-19 03:10:08,36.3703,30.2869,80.8,48,0,9.4
342,Coolum Beach,AU,2022-07-19 03:10:08,-26.5333,153.1,71.33,49,99,10.25
343,Kemijarvi,FI,2022-07-19 03:11:09,66.7131,27.4306,51.82,86,100,2.57
344,Gawler,AU,2022-07-19 03:11:09,-34.6,138.7333,53.22,64,100,9.48
345,Brasileia,BR,2022-07-19 03:11:10,-11.0161,-68.7481,72.77,76,5,1.7
346,Lorengau,PG,2022-07-19 03:11:11,-2.0226,147.2712,81.97,74,100,3.44
347,Semey,KZ,2022-07-19 03:11:11,50.4111,80.2275,71.82,43,0,6.71
348,Hasaki,JP,2022-07-19 03:11:12,35.7333,140.8333,84.6,78,100,16.37
349,Taber,CA,2022-07-19 03:11:12,49.8167,-112.1518,57.74,94,100,4.68
350,Manta,EC,2022-07-19 03:11:13,-0.95,-80.7333,71.38,83,100,10.36
351,Tuatapere,NZ,2022-07-19 03:11:13,-46.1333,167.6833,45.86,85,100,7.67
352,Cottonwood,US,2022-07-19 03:11:14,34.7392,-112.0099,93.04,53,76,4.79
353,Saint-Augustin,CA,2022-07-19 03:11:14,51.226,-58.6502,62.22,68,33,5.55
354,Fergus Falls,US,2022-07-19 03:11:14,46.283,-96.0776,84.18,67,0,20.71
355,Mount Isa,AU,2022-07-19 03:06:36,-20.7333,139.5,74.97,33,0,6.91
356,Acari,PE,2022-07-19 03:11:15,-15.4311,-74.6158,64.71,72,100,4.45
357,Port-Gentil,GA,2022-07-19 03:11:16,-0.7193,8.7815,74.07,78,100,12.28
358,Kotido,UG,2022-07-19 03:09:18,2.9806,34.1331,65.84,81,99,6.98
359,Idlib,SY,2022-07-19 03:11:16,35.9306,36.6339,72.3,58,0,3.62
360,Iskateley,RU,2022-07-19 03:11:17,67.6803,53.1512,66.51,68,97,10.31
361,Touros,BR,2022-07-19 03:11:17,-5.1989,-35.4608,74.93,89,89,12.03
362,Bizhbulyak,RU,2022-07-19 03:11:18,53.6967,54.2642,71.08,74,1,9.51
363,Platanos,GR,2022-07-19 03:11:18,37.6667,21.6167,72.57,48,0,6.73
364,Verkhnevilyuysk,RU,2022-07-19 03:11:19,63.4453,120.3167,66.47,86,100,6.85
365,Canico,PT,2022-07-19 03:09:21,32.6333,-16.85,70.43,83,20,10.36
366,Haines Junction,CA,2022-07-19 03:11:19,60.7522,-137.5108,54.75,64,39,7.4
367,Srednekolymsk,RU,2022-07-19 03:11:20,67.45,153.6833,61.92,44,99,14.36
368,Ambanja,MG,2022-07-19 03:11:20,-13.6833,48.45,62.02,62,5,4.54
369,Gafanha Da Encarnacao,PT,2022-07-19 03:11:21,40.6181,-8.733,65.01,80,33,6.11
370,Gat,IL,2022-07-19 03:10:04,31.61,34.7642,77.4,100,0,1.12
371,Hillsborough,US,2022-07-19 03:07:13,37.5741,-122.3794,76.86,74,20,16.11
372,Eureka,US,2022-07-19 03:11:22,40.8021,-124.1637,63.18,81,10,3.0
373,Pacific Grove,US,2022-07-19 03:11:22,36.6177,-121.9166,63.59,84,0,3.44
374,Puerto Quijarro,BO,2022-07-19 03:11:22,-17.7833,-57.7667,72.16,53,21,3.11
375,Sayat,TM,2022-07-19 03:11:23,38.7839,63.8803,91.47,22,0,26.46
376,Choya,RU,2022-07-19 03:11:23,52.0108,86.5467,58.1,93,100,1.41
377,Kaeo,NZ,2022-07-19 03:11:24,-35.1,173.7833,62.33,94,100,9.15
378,Atherton,GB,2022-07-19 03:11:24,53.5237,-2.4935,77.77,55,90,1.01
379,Chuy,UY,2022-07-19 03:11:25,-33.6971,-53.4616,45.48,90,86,2.95
380,Wanning,CN,2022-07-19 03:11:25,18.8003,110.3967,87.85,73,98,10.29
381,Dzerzhinskoye,RU,2022-07-19 03:11:26,56.8344,95.2283,62.02,70,92,11.9
382,Oum Hadjer,TD,2022-07-19 03:11:26,13.2954,19.6966,81.19,65,95,7.16
383,Palasa,IN,2022-07-19 03:11:27,18.7667,84.4167,85.12,72,84,7.87
384,Comodoro Rivadavia,AR,2022-07-19 03:11:27,-45.8667,-67.5,44.46,49,0,33.38
385,Foam Lake,CA,2022-07-19 03:11:28,51.65,-103.5343,68.79,89,100,8.97
386,Bermejo,AR,2022-07-19 03:11:28,-32.8833,-68.8,44.65,51,0,2.48
387,Ati,TD,2022-07-19 03:11:28,13.2154,18.3353,81.41,63,93,8.84
388,Iranshahr,IR,2022-07-19 03:11:29,27.2025,60.6848,91.0,49,93,4.03
389,Ensley,US,2022-07-19 03:11:29,30.5188,-87.2728,84.6,83,0,8.05
390,Talnakh,RU,2022-07-19 03:11:30,69.4865,88.3972,65.21,39,76,7.29
391,Mbamba,NG,2022-07-19 03:11:30,9.9833,13.1,68.77,97,67,2.13
392,Nioro,GM,2022-07-19 03:11:31,13.35,-15.75,77.32,85,95,5.59
393,Camacari,BR,2022-07-19 03:12:32,-12.6975,-38.3242,78.57,89,42,7.23
394,Port Hedland,AU,2022-07-19 03:12:33,-20.3167,118.5667,78.85,38,5,5.75
395,Paratebueno,CO,2022-07-19 03:12:33,4.3758,-73.2155,70.86,95,96,3.33
396,Boves,IT,2022-07-19 03:12:34,44.332,7.5514,72.52,100,0,3.15
397,Luga,RU,2022-07-19 03:12:34,58.7372,29.8453,50.47,75,65,3.31
398,Pisco,PE,2022-07-19 03:12:34,-13.7,-76.2167,60.85,82,100,5.75
399,Chifeng,CN,2022-07-19 03:12:35,42.2683,118.9636,80.13,42,9,6.08
400,Chicama,PE,2022-07-19 03:12:35,-7.8447,-79.1469,57.74,84,51,6.38
401,Constitucion,CL,2022-07-19 03:10:57,-35.3333,-72.4167,47.73,90,64,6.6
402,Uruzgan,AF,2022-07-19 03:12:36,32.8333,66.0,85.53,24,1,2.42
403,Cururupu,BR,2022-07-19 03:12:37,-1.8283,-44.8683,72.55,98,72,3.67
404,Kushva,RU,2022-07-19 03:12:37,58.2906,59.7592,67.15,77,65,3.56
405,Zhezkazgan,KZ,2022-07-19 03:12:38,47.8043,67.7144,75.18,50,0,13.42
406,Arusha,TZ,2022-07-19 03:12:38,-3.3667,36.6833,57.09,91,90,5.93
407,Atambua,ID,2022-07-19 03:12:39,-9.1061,124.8925,79.61,44,81,1.77
408,Atkarsk,RU,2022-07-19 03:12:39,51.8718,45.0078,56.52,90,0,12.48
409,Conde,BR,2022-07-19 03:12:40,-7.2597,-34.9075,72.86,88,40,11.5
410,Homer,US,2022-07-19 03:12:40,59.6425,-151.5483,60.67,76,100,8.05
411,Opunake,NZ,2022-07-19 03:12:41,-39.4556,173.8583,61.11,79,74,19.66
412,Honiara,SB,2022-07-19 03:12:41,-9.4333,159.95,84.72,68,35,6.46
413,Abonnema,NG,2022-07-19 03:12:42,4.7084,6.7931,72.91,83,90,4.85
414,Namanga,KE,2022-07-19 03:12:42,-2.5433,36.7905,56.98,92,41,6.49
415,Gagra,GE,2022-07-19 03:12:43,43.3283,40.2239,68.92,92,100,4.47
416,Durango,MX,2022-07-19 03:08:16,24.8333,-104.8333,70.34,46,63,4.74
417,Killybegs,IE,2022-07-19 03:12:44,54.6333,-8.45,59.63,95,98,4.16
418,Tilichiki,RU,2022-07-19 03:12:44,60.4667,166.1,60.37,65,100,8.39
419,Sept-Iles,CA,2022-07-19 03:12:44,50.2001,-66.3821,62.06,90,85,3.96
420,Veinticinco De Diciembre,MX,2022-07-19 03:12:45,25.2602,-104.0519,85.73,23,11,7.96
421,Kolosovka,RU,2022-07-19 03:12:46,56.4678,73.611,64.22,74,29,8.5
422,Nishihara,JP,2022-07-19 03:12:46,26.1842,127.7558,89.26,89,75,11.5
423,Oranjemund,NA,2022-07-19 03:12:46,-28.55,16.4333,53.65,95,8,5.08
424,Rocha,UY,2022-07-19 03:12:47,-34.4833,-54.3333,42.58,91,51,2.93
425,Zhigansk,RU,2022-07-19 03:12:47,66.7697,123.3711,52.84,79,97,16.51
426,Norton,ZW,2022-07-19 03:12:48,-17.8833,30.7,46.72,90,2,5.88
427,Kununurra,AU,2022-07-19 03:12:48,-15.7667,128.7333,85.98,35,41,4.61
428,Shobara,JP,2022-07-19 03:12:49,34.85,133.0167,74.25,99,100,6.15
429,Matagami,CA,2022-07-19 03:12:49,49.7502,-77.6328,69.91,68,100,23.02
430,Leona Vicario,MX,2022-07-19 03:12:50,20.9667,-87.1917,84.07,83,6,4.29
431,Port Lincoln,AU,2022-07-19 03:12:51,-34.7333,135.8667,54.34,59,100,15.52
432,Gouyave,GD,2022-07-19 03:12:51,12.1646,-61.7296,79.57,80,10,17.38
433,Syamzha,RU,2022-07-19 03:12:52,60.0158,41.0614,54.72,98,100,9.84
434,Prainha,BR,2022-07-19 03:11:14,-1.8,-53.48,76.01,83,100,2.37
435,Cabedelo,BR,2022-07-19 03:13:52,-6.9811,-34.8339,74.07,86,40,15.12
436,Port Elizabeth,ZA,2022-07-19 03:13:53,-33.918,25.5701,59.31,97,43,1.99
437,Asau,RO,2022-07-19 03:13:53,46.4333,26.4,59.95,74,3,4.21
438,Vila Franca Do Campo,PT,2022-07-19 03:13:55,37.7167,-25.4333,75.2,95,60,2.3
439,Aksarka,RU,2022-07-19 03:13:55,66.5606,67.7975,66.63,54,74,8.14
440,Porto Nacional,BR,2022-07-19 03:13:56,-10.7081,-48.4172,75.2,36,0,3.4
441,Sitka,US,2022-07-19 03:13:56,57.0531,-135.33,55.29,88,100,5.75
442,Durazno,UY,2022-07-19 03:13:57,-33.4131,-56.5006,44.33,86,68,3.96
443,Aksu,CN,2022-07-19 03:13:57,41.1231,80.2644,88.48,17,5,15.08
444,Labuhan,ID,2022-07-19 03:13:58,-6.8844,112.2051,84.0,68,43,5.41
445,Payo,ID,2022-07-19 03:13:58,-3.7508,103.6372,86.34,60,84,3.44
446,Upata,VE,2022-07-19 03:13:59,8.0086,-62.3989,69.96,98,88,3.36
447,Asfi,MA,2022-07-19 03:13:59,32.2994,-9.2372,69.33,86,1,16.93
448,Denpasar,ID,2022-07-19 03:10:41,-8.65,115.2167,82.06,78,20,11.5
449,Raiwala,IN,2022-07-19 03:14:00,30.0167,78.2167,88.74,63,93,1.1
450,Mishelevka,RU,2022-07-19 03:14:01,52.8575,103.1719,61.7,91,100,8.88
451,Xinqing,CN,2022-07-19 03:14:01,48.2333,129.5,77.43,54,100,5.53
452,Diego De Almagro,CL,2022-07-19 03:14:02,-26.3667,-70.05,59.22,28,0,1.41
453,Lufilufi,WS,2022-07-19 03:14:02,-13.8745,-171.5986,83.79,79,27,23.09
454,Inyonga,TZ,2022-07-19 03:14:03,-6.7167,32.0667,56.46,70,5,4.65
455,Richards Bay,ZA,2022-07-19 03:14:03,-28.783,32.0377,63.52,83,0,10.02
456,Abu Zabad,SD,2022-07-19 03:09:09,12.35,29.25,74.43,72,100,8.59
457,Torbat-E Jam,IR,2022-07-19 03:14:04,35.244,60.6225,85.24,16,0,22.37
458,Baghdad,IQ,2022-07-19 03:09:09,33.3406,44.4009,84.11,28,0,6.91
459,Malanje,AO,2022-07-19 03:14:04,-9.5402,16.341,59.59,89,3,3.87
460,Varnamo,SE,2022-07-19 03:14:05,57.186,14.04,57.06,94,87,1.01
461,Mosina,PL,2022-07-19 03:14:06,52.2454,16.8471,67.03,69,0,1.14
462,Lazaro Cardenas,MX,2022-07-19 03:13:05,17.9583,-102.2,80.73,78,100,1.3
463,Nevelsk,RU,2022-07-19 03:14:07,46.6733,141.8633,67.05,73,39,6.38
464,Haapiti,PF,2022-07-19 03:14:07,-17.5667,-149.8667,79.72,69,8,3.8
465,Diffa,NE,2022-07-19 03:14:08,13.3154,12.6113,78.62,71,26,10.8
466,Kalmunai,LK,2022-07-19 03:14:08,7.4167,81.8167,85.46,66,65,9.64
467,Yeppoon,AU,2022-07-19 03:14:09,-23.1333,150.7333,73.18,61,0,8.34
468,Filiatra,GR,2022-07-19 03:14:10,37.15,21.5833,78.15,52,0,8.55
469,Port Augusta,AU,2022-07-19 03:14:10,-32.5,137.7667,58.5,36,3,7.2
470,Ostrovnoy,RU,2022-07-19 03:14:11,68.0531,39.5131,57.6,77,63,4.97
471,San Mateo Del Mar,MX,2022-07-19 03:14:11,16.2,-95.0,84.49,69,19,24.74
472,Muros,ES,2022-07-19 03:14:12,42.7762,-9.0603,65.08,87,8,9.86
473,Jijiga,ET,2022-07-19 03:14:12,9.35,42.8,59.34,79,87,16.02
474,Pincher Creek,CA,2022-07-19 03:14:13,49.4833,-113.952,61.88,59,100,25.68
475,Gazli,UZ,2022-07-19 03:14:13,40.1333,63.45,91.45,23,0,26.82
476,Mariakani,KE,2022-07-19 03:15:14,-3.8633,39.4736,65.32,97,39,4.85
477,Dakar,SN,2022-07-19 03:15:14,14.6937,-17.4441,82.53,69,20,13.8
478,Rawson,AR,2022-07-19 03:15:16,-43.3002,-65.1023,42.13,48,0,12.97
479,Rincon,US,2022-07-19 03:15:16,32.296,-81.2354,80.83,83,0,4.61
480,Sawtell,AU,2022-07-19 03:15:17,-30.3833,153.1,62.62,55,75,18.41
481,Nuuk,GL,2022-07-19 03:16:26,64.1835,-51.7216,50.61,76,100,3.44
482,Rio Casca,BR,2022-07-19 03:16:27,-20.2261,-42.6508,62.22,72,11,0.47
483,Taltal,CL,2022-07-19 03:16:29,-25.4,-70.4833,57.52,74,27,3.06
484,College,US,2022-07-19 03:11:33,64.8569,-147.8028,64.0,64,75,6.91
485,College Place,US,2022-07-19 03:16:30,46.0493,-118.3883,80.38,42,0,0.0
486,Haikou,CN,2022-07-19 03:16:31,20.0458,110.3417,91.53,66,0,8.95
487,Grindavik,IS,2022-07-19 03:16:31,63.8424,-22.4338,51.75,100,100,9.22
488,Prince Albert,CA,2022-07-19 03:16:31,53.2001,-105.7677,71.55,83,75,2.3
489,Suez,EG,2022-07-19 03:16:32,29.9737,32.5263,76.24,63,3,7.58
490,Mitsamiouli,KM,2022-07-19 03:16:32,-11.3847,43.2844,75.88,69,8,12.21
491,Huarmey,PE,2022-07-19 03:16:33,-10.0681,-78.1522,62.29,86,100,9.28
492,Saldanha,ZA,2022-07-19 03:16:34,-33.0117,17.9442,42.85,74,0,13.4
493,Kaniama,CD,2022-07-19 03:16:34,-7.5667,24.1833,70.95,40,96,3.96
494,Qeshm,IR,2022-07-19 03:16:34,26.9581,56.2719,91.27,80,99,15.86
